/*
 Navicat Premium Data Transfer

 Source Server         : hadoop
 Source Server Type    : MySQL
 Source Server Version : 50728
 Source Host           : hadoop101:3306
 Source Schema         : Hadoop-CT

 Target Server Type    : MySQL
 Target Server Version : 50728
 File Encoding         : 65001

 Date: 06/12/2022 23:46:20
*/

SET NAMES utf8mb4;
SET FOREIGN_KEY_CHECKS = 0;

-- ----------------------------
-- Table structure for calllog
-- ----------------------------
DROP TABLE IF EXISTS `calllog`;
CREATE TABLE `calllog`  (
  `id` int(11) NOT NULL AUTO_INCREMENT,
  `tel_id` int(11) NULL DEFAULT NULL,
  `date_id` int(11) NULL DEFAULT NULL,
  `sumcall` int(11) NULL DEFAULT NULL,
  `sumduration` int(11) NULL DEFAULT NULL,
  PRIMARY KEY (`id`) USING BTREE
) ENGINE = InnoDB AUTO_INCREMENT = 358 CHARACTER SET = utf8 COLLATE = utf8_general_ci ROW_FORMAT = Dynamic;

-- ----------------------------
-- Records of calllog
-- ----------------------------
INSERT INTO `calllog` VALUES (1, 18, 6, 1, 1640);
INSERT INTO `calllog` VALUES (2, 18, 7, 1, 1855);
INSERT INTO `calllog` VALUES (3, 18, 8, 1, 1348);
INSERT INTO `calllog` VALUES (4, 18, 29, 1, 1277);
INSERT INTO `calllog` VALUES (5, 18, 44, 1, 930);
INSERT INTO `calllog` VALUES (6, 18, 89, 1, 2401);
INSERT INTO `calllog` VALUES (7, 18, 104, 1, 2917);
INSERT INTO `calllog` VALUES (8, 18, 165, 1, 1984);
INSERT INTO `calllog` VALUES (9, 18, 181, 1, 1487);
INSERT INTO `calllog` VALUES (10, 18, 185, 1, 846);
INSERT INTO `calllog` VALUES (11, 18, 197, 1, 354);
INSERT INTO `calllog` VALUES (12, 18, 212, 1, 2166);
INSERT INTO `calllog` VALUES (13, 18, 224, 1, 2591);
INSERT INTO `calllog` VALUES (14, 18, 229, 1, 1878);
INSERT INTO `calllog` VALUES (15, 18, 265, 1, 1030);
INSERT INTO `calllog` VALUES (16, 18, 281, 1, 2264);
INSERT INTO `calllog` VALUES (17, 18, 292, 1, 187);
INSERT INTO `calllog` VALUES (18, 18, 301, 1, 924);
INSERT INTO `calllog` VALUES (19, 21, 26, 2, 2119);
INSERT INTO `calllog` VALUES (20, 21, 36, 1, 1847);
INSERT INTO `calllog` VALUES (21, 21, 59, 1, 1399);
INSERT INTO `calllog` VALUES (22, 21, 129, 1, 199);
INSERT INTO `calllog` VALUES (23, 21, 178, 1, 695);
INSERT INTO `calllog` VALUES (24, 21, 195, 1, 2445);
INSERT INTO `calllog` VALUES (25, 21, 220, 1, 406);
INSERT INTO `calllog` VALUES (26, 21, 244, 1, 2912);
INSERT INTO `calllog` VALUES (27, 21, 247, 1, 2188);
INSERT INTO `calllog` VALUES (28, 21, 262, 1, 1220);
INSERT INTO `calllog` VALUES (29, 21, 274, 1, 2998);
INSERT INTO `calllog` VALUES (30, 21, 305, 1, 436);
INSERT INTO `calllog` VALUES (31, 5, 36, 1, 1847);
INSERT INTO `calllog` VALUES (32, 5, 66, 1, 2493);
INSERT INTO `calllog` VALUES (33, 5, 83, 1, 629);
INSERT INTO `calllog` VALUES (34, 5, 86, 1, 260);
INSERT INTO `calllog` VALUES (35, 5, 89, 1, 1474);
INSERT INTO `calllog` VALUES (36, 5, 94, 1, 2340);
INSERT INTO `calllog` VALUES (37, 5, 109, 1, 2954);
INSERT INTO `calllog` VALUES (38, 5, 137, 2, 824);
INSERT INTO `calllog` VALUES (39, 5, 138, 1, 1866);
INSERT INTO `calllog` VALUES (40, 5, 182, 1, 87);
INSERT INTO `calllog` VALUES (41, 5, 202, 1, 2203);
INSERT INTO `calllog` VALUES (42, 5, 205, 1, 372);
INSERT INTO `calllog` VALUES (43, 5, 252, 1, 1316);
INSERT INTO `calllog` VALUES (44, 5, 273, 1, 1192);
INSERT INTO `calllog` VALUES (45, 5, 283, 1, 2967);
INSERT INTO `calllog` VALUES (46, 5, 317, 1, 863);
INSERT INTO `calllog` VALUES (47, 2, 35, 1, 471);
INSERT INTO `calllog` VALUES (48, 2, 59, 1, 1399);
INSERT INTO `calllog` VALUES (49, 2, 60, 1, 2336);
INSERT INTO `calllog` VALUES (50, 2, 113, 1, 2213);
INSERT INTO `calllog` VALUES (51, 2, 115, 1, 1253);
INSERT INTO `calllog` VALUES (52, 2, 139, 1, 2344);
INSERT INTO `calllog` VALUES (53, 2, 185, 1, 846);
INSERT INTO `calllog` VALUES (54, 2, 188, 1, 2662);
INSERT INTO `calllog` VALUES (55, 2, 191, 1, 2775);
INSERT INTO `calllog` VALUES (56, 2, 206, 1, 42);
INSERT INTO `calllog` VALUES (57, 2, 242, 1, 2244);
INSERT INTO `calllog` VALUES (58, 2, 252, 1, 1133);
INSERT INTO `calllog` VALUES (59, 2, 301, 1, 2838);
INSERT INTO `calllog` VALUES (60, 2, 304, 1, 1192);
INSERT INTO `calllog` VALUES (61, 2, 317, 1, 863);
INSERT INTO `calllog` VALUES (62, 6, 37, 1, 2616);
INSERT INTO `calllog` VALUES (63, 6, 41, 1, 102);
INSERT INTO `calllog` VALUES (64, 6, 97, 2, 751);
INSERT INTO `calllog` VALUES (65, 6, 113, 1, 251);
INSERT INTO `calllog` VALUES (66, 6, 130, 1, 2568);
INSERT INTO `calllog` VALUES (67, 6, 139, 1, 2344);
INSERT INTO `calllog` VALUES (68, 6, 247, 1, 1609);
INSERT INTO `calllog` VALUES (69, 6, 254, 1, 2665);
INSERT INTO `calllog` VALUES (70, 6, 273, 1, 1192);
INSERT INTO `calllog` VALUES (71, 6, 320, 2, 1081);
INSERT INTO `calllog` VALUES (72, 22, 14, 1, 1928);
INSERT INTO `calllog` VALUES (73, 22, 31, 1, 1563);
INSERT INTO `calllog` VALUES (74, 22, 35, 2, 2236);
INSERT INTO `calllog` VALUES (75, 22, 122, 1, 2639);
INSERT INTO `calllog` VALUES (76, 22, 217, 1, 2038);
INSERT INTO `calllog` VALUES (77, 22, 251, 1, 1445);
INSERT INTO `calllog` VALUES (78, 22, 255, 1, 1057);
INSERT INTO `calllog` VALUES (79, 22, 279, 1, 1850);
INSERT INTO `calllog` VALUES (80, 22, 286, 1, 1997);
INSERT INTO `calllog` VALUES (81, 22, 320, 1, 2923);
INSERT INTO `calllog` VALUES (82, 17, 22, 1, 1430);
INSERT INTO `calllog` VALUES (83, 17, 56, 1, 2853);
INSERT INTO `calllog` VALUES (84, 17, 79, 1, 2212);
INSERT INTO `calllog` VALUES (85, 17, 109, 1, 2954);
INSERT INTO `calllog` VALUES (86, 17, 117, 1, 1185);
INSERT INTO `calllog` VALUES (87, 17, 197, 2, 1044);
INSERT INTO `calllog` VALUES (88, 17, 205, 1, 372);
INSERT INTO `calllog` VALUES (89, 17, 242, 1, 2244);
INSERT INTO `calllog` VALUES (90, 17, 252, 1, 1316);
INSERT INTO `calllog` VALUES (91, 17, 292, 1, 187);
INSERT INTO `calllog` VALUES (92, 17, 345, 1, 239);
INSERT INTO `calllog` VALUES (93, 17, 353, 1, 2508);
INSERT INTO `calllog` VALUES (94, 25, 22, 1, 20);
INSERT INTO `calllog` VALUES (95, 25, 30, 1, 2620);
INSERT INTO `calllog` VALUES (96, 25, 66, 1, 473);
INSERT INTO `calllog` VALUES (97, 25, 68, 1, 2972);
INSERT INTO `calllog` VALUES (98, 25, 83, 1, 629);
INSERT INTO `calllog` VALUES (99, 25, 86, 1, 1488);
INSERT INTO `calllog` VALUES (100, 25, 116, 1, 1816);
INSERT INTO `calllog` VALUES (101, 25, 154, 1, 1555);
INSERT INTO `calllog` VALUES (102, 25, 181, 1, 1487);
INSERT INTO `calllog` VALUES (103, 25, 188, 1, 2662);
INSERT INTO `calllog` VALUES (104, 25, 217, 1, 2038);
INSERT INTO `calllog` VALUES (105, 25, 264, 1, 2498);
INSERT INTO `calllog` VALUES (106, 25, 277, 1, 295);
INSERT INTO `calllog` VALUES (107, 25, 340, 1, 2027);
INSERT INTO `calllog` VALUES (108, 10, 13, 1, 65);
INSERT INTO `calllog` VALUES (109, 10, 24, 1, 754);
INSERT INTO `calllog` VALUES (110, 10, 66, 1, 2524);
INSERT INTO `calllog` VALUES (111, 10, 84, 1, 1055);
INSERT INTO `calllog` VALUES (112, 10, 92, 1, 2574);
INSERT INTO `calllog` VALUES (113, 10, 97, 1, 37);
INSERT INTO `calllog` VALUES (114, 10, 118, 1, 664);
INSERT INTO `calllog` VALUES (115, 10, 132, 1, 2829);
INSERT INTO `calllog` VALUES (116, 10, 187, 1, 2461);
INSERT INTO `calllog` VALUES (117, 10, 285, 1, 1944);
INSERT INTO `calllog` VALUES (118, 10, 304, 1, 1192);
INSERT INTO `calllog` VALUES (119, 10, 320, 1, 415);
INSERT INTO `calllog` VALUES (120, 10, 323, 1, 2395);
INSERT INTO `calllog` VALUES (121, 10, 334, 1, 1568);
INSERT INTO `calllog` VALUES (122, 10, 353, 1, 1437);
INSERT INTO `calllog` VALUES (123, 11, 8, 1, 1348);
INSERT INTO `calllog` VALUES (124, 11, 14, 1, 1928);
INSERT INTO `calllog` VALUES (125, 11, 25, 1, 5);
INSERT INTO `calllog` VALUES (126, 11, 29, 1, 1277);
INSERT INTO `calllog` VALUES (127, 11, 44, 1, 930);
INSERT INTO `calllog` VALUES (128, 11, 72, 1, 2487);
INSERT INTO `calllog` VALUES (129, 11, 74, 1, 2344);
INSERT INTO `calllog` VALUES (130, 11, 115, 1, 1253);
INSERT INTO `calllog` VALUES (131, 11, 127, 1, 734);
INSERT INTO `calllog` VALUES (132, 11, 136, 1, 1312);
INSERT INTO `calllog` VALUES (133, 11, 155, 1, 9);
INSERT INTO `calllog` VALUES (134, 11, 162, 1, 2823);
INSERT INTO `calllog` VALUES (135, 11, 165, 1, 479);
INSERT INTO `calllog` VALUES (136, 11, 195, 1, 235);
INSERT INTO `calllog` VALUES (137, 11, 206, 2, 2674);
INSERT INTO `calllog` VALUES (138, 11, 228, 1, 2246);
INSERT INTO `calllog` VALUES (139, 11, 233, 1, 2235);
INSERT INTO `calllog` VALUES (140, 11, 254, 1, 2893);
INSERT INTO `calllog` VALUES (141, 11, 275, 1, 135);
INSERT INTO `calllog` VALUES (142, 11, 305, 1, 436);
INSERT INTO `calllog` VALUES (143, 11, 354, 1, 997);
INSERT INTO `calllog` VALUES (144, 16, 19, 1, 2302);
INSERT INTO `calllog` VALUES (145, 16, 51, 1, 1387);
INSERT INTO `calllog` VALUES (146, 16, 60, 1, 2336);
INSERT INTO `calllog` VALUES (147, 16, 80, 1, 2454);
INSERT INTO `calllog` VALUES (148, 16, 138, 1, 1866);
INSERT INTO `calllog` VALUES (149, 16, 163, 1, 343);
INSERT INTO `calllog` VALUES (150, 16, 187, 1, 2461);
INSERT INTO `calllog` VALUES (151, 16, 195, 1, 2445);
INSERT INTO `calllog` VALUES (152, 16, 207, 1, 2099);
INSERT INTO `calllog` VALUES (153, 16, 224, 1, 2591);
INSERT INTO `calllog` VALUES (154, 16, 254, 1, 2893);
INSERT INTO `calllog` VALUES (155, 16, 269, 1, 236);
INSERT INTO `calllog` VALUES (156, 16, 285, 1, 1944);
INSERT INTO `calllog` VALUES (157, 16, 340, 1, 2027);
INSERT INTO `calllog` VALUES (158, 8, 22, 1, 20);
INSERT INTO `calllog` VALUES (159, 8, 68, 1, 2972);
INSERT INTO `calllog` VALUES (160, 8, 114, 1, 1427);
INSERT INTO `calllog` VALUES (161, 8, 162, 1, 2823);
INSERT INTO `calllog` VALUES (162, 8, 191, 1, 2775);
INSERT INTO `calllog` VALUES (163, 8, 195, 1, 235);
INSERT INTO `calllog` VALUES (164, 8, 208, 1, 22);
INSERT INTO `calllog` VALUES (165, 8, 220, 1, 1455);
INSERT INTO `calllog` VALUES (166, 8, 225, 1, 347);
INSERT INTO `calllog` VALUES (167, 8, 228, 1, 2246);
INSERT INTO `calllog` VALUES (168, 8, 251, 1, 1445);
INSERT INTO `calllog` VALUES (169, 8, 252, 1, 1133);
INSERT INTO `calllog` VALUES (170, 8, 282, 1, 2207);
INSERT INTO `calllog` VALUES (171, 8, 320, 1, 415);
INSERT INTO `calllog` VALUES (172, 14, 19, 1, 2302);
INSERT INTO `calllog` VALUES (173, 14, 30, 1, 1322);
INSERT INTO `calllog` VALUES (174, 14, 51, 1, 1338);
INSERT INTO `calllog` VALUES (175, 14, 183, 1, 2268);
INSERT INTO `calllog` VALUES (176, 14, 228, 1, 658);
INSERT INTO `calllog` VALUES (177, 14, 229, 1, 1878);
INSERT INTO `calllog` VALUES (178, 14, 265, 1, 1030);
INSERT INTO `calllog` VALUES (179, 14, 286, 1, 1997);
INSERT INTO `calllog` VALUES (180, 14, 338, 1, 2192);
INSERT INTO `calllog` VALUES (181, 14, 355, 1, 983);
INSERT INTO `calllog` VALUES (182, 12, 13, 1, 65);
INSERT INTO `calllog` VALUES (183, 12, 25, 1, 5);
INSERT INTO `calllog` VALUES (184, 12, 26, 2, 2119);
INSERT INTO `calllog` VALUES (185, 12, 31, 1, 1563);
INSERT INTO `calllog` VALUES (186, 12, 35, 1, 1765);
INSERT INTO `calllog` VALUES (187, 12, 68, 1, 550);
INSERT INTO `calllog` VALUES (188, 12, 84, 1, 1055);
INSERT INTO `calllog` VALUES (189, 12, 130, 1, 2568);
INSERT INTO `calllog` VALUES (190, 12, 155, 1, 9);
INSERT INTO `calllog` VALUES (191, 12, 168, 1, 1511);
INSERT INTO `calllog` VALUES (192, 12, 183, 1, 1890);
INSERT INTO `calllog` VALUES (193, 12, 241, 1, 235);
INSERT INTO `calllog` VALUES (194, 12, 320, 1, 2923);
INSERT INTO `calllog` VALUES (195, 12, 323, 1, 842);
INSERT INTO `calllog` VALUES (196, 12, 353, 1, 1437);
INSERT INTO `calllog` VALUES (197, 12, 354, 1, 997);
INSERT INTO `calllog` VALUES (198, 7, 66, 1, 2493);
INSERT INTO `calllog` VALUES (199, 7, 72, 1, 2215);
INSERT INTO `calllog` VALUES (200, 7, 89, 1, 1474);
INSERT INTO `calllog` VALUES (201, 7, 108, 1, 1894);
INSERT INTO `calllog` VALUES (202, 7, 113, 1, 251);
INSERT INTO `calllog` VALUES (203, 7, 127, 1, 734);
INSERT INTO `calllog` VALUES (204, 7, 153, 1, 545);
INSERT INTO `calllog` VALUES (205, 7, 254, 1, 2665);
INSERT INTO `calllog` VALUES (206, 7, 255, 1, 1057);
INSERT INTO `calllog` VALUES (207, 7, 258, 1, 1323);
INSERT INTO `calllog` VALUES (208, 7, 320, 1, 863);
INSERT INTO `calllog` VALUES (209, 9, 17, 1, 636);
INSERT INTO `calllog` VALUES (210, 9, 22, 1, 1430);
INSERT INTO `calllog` VALUES (211, 9, 42, 1, 85);
INSERT INTO `calllog` VALUES (212, 9, 51, 1, 1338);
INSERT INTO `calllog` VALUES (213, 9, 55, 1, 2894);
INSERT INTO `calllog` VALUES (214, 9, 60, 1, 2579);
INSERT INTO `calllog` VALUES (215, 9, 68, 1, 550);
INSERT INTO `calllog` VALUES (216, 9, 97, 1, 714);
INSERT INTO `calllog` VALUES (217, 9, 154, 1, 1555);
INSERT INTO `calllog` VALUES (218, 9, 197, 1, 690);
INSERT INTO `calllog` VALUES (219, 9, 202, 1, 2785);
INSERT INTO `calllog` VALUES (220, 9, 208, 1, 22);
INSERT INTO `calllog` VALUES (221, 9, 275, 1, 135);
INSERT INTO `calllog` VALUES (222, 9, 325, 1, 2136);
INSERT INTO `calllog` VALUES (223, 9, 334, 1, 1568);
INSERT INTO `calllog` VALUES (224, 13, 17, 1, 1615);
INSERT INTO `calllog` VALUES (225, 13, 55, 1, 2894);
INSERT INTO `calllog` VALUES (226, 13, 118, 1, 2569);
INSERT INTO `calllog` VALUES (227, 13, 125, 1, 667);
INSERT INTO `calllog` VALUES (228, 13, 133, 1, 2178);
INSERT INTO `calllog` VALUES (229, 13, 137, 1, 129);
INSERT INTO `calllog` VALUES (230, 13, 163, 1, 343);
INSERT INTO `calllog` VALUES (231, 13, 169, 1, 152);
INSERT INTO `calllog` VALUES (232, 13, 173, 1, 22);
INSERT INTO `calllog` VALUES (233, 13, 209, 1, 1965);
INSERT INTO `calllog` VALUES (234, 13, 212, 1, 2166);
INSERT INTO `calllog` VALUES (235, 13, 233, 1, 2235);
INSERT INTO `calllog` VALUES (236, 13, 234, 1, 749);
INSERT INTO `calllog` VALUES (237, 13, 249, 1, 727);
INSERT INTO `calllog` VALUES (238, 13, 345, 1, 239);
INSERT INTO `calllog` VALUES (239, 13, 353, 1, 2508);
INSERT INTO `calllog` VALUES (240, 15, 30, 1, 2620);
INSERT INTO `calllog` VALUES (241, 15, 37, 1, 2616);
INSERT INTO `calllog` VALUES (242, 15, 42, 1, 85);
INSERT INTO `calllog` VALUES (243, 15, 54, 1, 1431);
INSERT INTO `calllog` VALUES (244, 15, 58, 1, 1413);
INSERT INTO `calllog` VALUES (245, 15, 66, 1, 2524);
INSERT INTO `calllog` VALUES (246, 15, 89, 1, 2401);
INSERT INTO `calllog` VALUES (247, 15, 108, 1, 2795);
INSERT INTO `calllog` VALUES (248, 15, 136, 1, 1312);
INSERT INTO `calllog` VALUES (249, 15, 137, 1, 695);
INSERT INTO `calllog` VALUES (250, 15, 178, 2, 3211);
INSERT INTO `calllog` VALUES (251, 15, 182, 1, 87);
INSERT INTO `calllog` VALUES (252, 15, 185, 1, 828);
INSERT INTO `calllog` VALUES (253, 15, 269, 1, 236);
INSERT INTO `calllog` VALUES (254, 15, 274, 1, 2998);
INSERT INTO `calllog` VALUES (255, 15, 323, 1, 2395);
INSERT INTO `calllog` VALUES (256, 15, 325, 1, 2136);
INSERT INTO `calllog` VALUES (257, 15, 333, 1, 1145);
INSERT INTO `calllog` VALUES (258, 20, 49, 1, 1212);
INSERT INTO `calllog` VALUES (259, 20, 60, 1, 2579);
INSERT INTO `calllog` VALUES (260, 20, 86, 1, 1488);
INSERT INTO `calllog` VALUES (261, 20, 122, 1, 2639);
INSERT INTO `calllog` VALUES (262, 20, 129, 1, 199);
INSERT INTO `calllog` VALUES (263, 20, 153, 1, 545);
INSERT INTO `calllog` VALUES (264, 20, 165, 1, 479);
INSERT INTO `calllog` VALUES (265, 20, 183, 1, 2268);
INSERT INTO `calllog` VALUES (266, 20, 191, 1, 1512);
INSERT INTO `calllog` VALUES (267, 20, 220, 1, 825);
INSERT INTO `calllog` VALUES (268, 20, 252, 1, 334);
INSERT INTO `calllog` VALUES (269, 20, 258, 1, 1323);
INSERT INTO `calllog` VALUES (270, 20, 262, 1, 1220);
INSERT INTO `calllog` VALUES (271, 20, 264, 1, 2498);
INSERT INTO `calllog` VALUES (272, 4, 7, 1, 1855);
INSERT INTO `calllog` VALUES (273, 4, 24, 1, 754);
INSERT INTO `calllog` VALUES (274, 4, 30, 1, 1322);
INSERT INTO `calllog` VALUES (275, 4, 49, 1, 1212);
INSERT INTO `calllog` VALUES (276, 4, 51, 1, 1387);
INSERT INTO `calllog` VALUES (277, 4, 57, 1, 679);
INSERT INTO `calllog` VALUES (278, 4, 72, 1, 2487);
INSERT INTO `calllog` VALUES (279, 4, 74, 1, 2344);
INSERT INTO `calllog` VALUES (280, 4, 183, 1, 1890);
INSERT INTO `calllog` VALUES (281, 4, 202, 1, 2785);
INSERT INTO `calllog` VALUES (282, 4, 207, 1, 2099);
INSERT INTO `calllog` VALUES (283, 4, 220, 1, 1455);
INSERT INTO `calllog` VALUES (284, 4, 283, 1, 2967);
INSERT INTO `calllog` VALUES (285, 4, 320, 1, 218);
INSERT INTO `calllog` VALUES (286, 1, 6, 1, 1640);
INSERT INTO `calllog` VALUES (287, 1, 25, 1, 1396);
INSERT INTO `calllog` VALUES (288, 1, 57, 1, 679);
INSERT INTO `calllog` VALUES (289, 1, 90, 1, 1495);
INSERT INTO `calllog` VALUES (290, 1, 104, 1, 2917);
INSERT INTO `calllog` VALUES (291, 1, 108, 1, 1894);
INSERT INTO `calllog` VALUES (292, 1, 117, 1, 1185);
INSERT INTO `calllog` VALUES (293, 1, 118, 1, 2569);
INSERT INTO `calllog` VALUES (294, 1, 132, 1, 2829);
INSERT INTO `calllog` VALUES (295, 1, 169, 1, 152);
INSERT INTO `calllog` VALUES (296, 1, 178, 1, 1072);
INSERT INTO `calllog` VALUES (297, 1, 228, 1, 658);
INSERT INTO `calllog` VALUES (298, 1, 241, 1, 235);
INSERT INTO `calllog` VALUES (299, 1, 244, 1, 2912);
INSERT INTO `calllog` VALUES (300, 1, 279, 1, 1850);
INSERT INTO `calllog` VALUES (301, 1, 301, 1, 2838);
INSERT INTO `calllog` VALUES (302, 1, 355, 1, 983);
INSERT INTO `calllog` VALUES (303, 19, 25, 1, 1396);
INSERT INTO `calllog` VALUES (304, 19, 56, 1, 2853);
INSERT INTO `calllog` VALUES (305, 19, 72, 1, 2215);
INSERT INTO `calllog` VALUES (306, 19, 114, 1, 1228);
INSERT INTO `calllog` VALUES (307, 19, 130, 1, 2165);
INSERT INTO `calllog` VALUES (308, 19, 168, 1, 289);
INSERT INTO `calllog` VALUES (309, 19, 182, 1, 2649);
INSERT INTO `calllog` VALUES (310, 19, 209, 1, 1965);
INSERT INTO `calllog` VALUES (311, 19, 220, 1, 406);
INSERT INTO `calllog` VALUES (312, 19, 225, 1, 347);
INSERT INTO `calllog` VALUES (313, 19, 234, 1, 749);
INSERT INTO `calllog` VALUES (314, 19, 247, 1, 1609);
INSERT INTO `calllog` VALUES (315, 19, 298, 1, 2426);
INSERT INTO `calllog` VALUES (316, 19, 323, 1, 842);
INSERT INTO `calllog` VALUES (317, 3, 41, 1, 102);
INSERT INTO `calllog` VALUES (318, 3, 58, 1, 1413);
INSERT INTO `calllog` VALUES (319, 3, 66, 1, 473);
INSERT INTO `calllog` VALUES (320, 3, 79, 1, 2212);
INSERT INTO `calllog` VALUES (321, 3, 90, 1, 1495);
INSERT INTO `calllog` VALUES (322, 3, 113, 1, 2213);
INSERT INTO `calllog` VALUES (323, 3, 114, 1, 1228);
INSERT INTO `calllog` VALUES (324, 3, 118, 1, 664);
INSERT INTO `calllog` VALUES (325, 3, 125, 1, 667);
INSERT INTO `calllog` VALUES (326, 3, 130, 1, 2165);
INSERT INTO `calllog` VALUES (327, 3, 133, 1, 2178);
INSERT INTO `calllog` VALUES (328, 3, 168, 1, 1511);
INSERT INTO `calllog` VALUES (329, 3, 220, 1, 825);
INSERT INTO `calllog` VALUES (330, 3, 282, 1, 2207);
INSERT INTO `calllog` VALUES (331, 3, 298, 1, 2426);
INSERT INTO `calllog` VALUES (332, 3, 301, 1, 924);
INSERT INTO `calllog` VALUES (333, 23, 54, 1, 1431);
INSERT INTO `calllog` VALUES (334, 23, 86, 1, 260);
INSERT INTO `calllog` VALUES (335, 23, 92, 1, 2574);
INSERT INTO `calllog` VALUES (336, 23, 108, 1, 2795);
INSERT INTO `calllog` VALUES (337, 23, 116, 1, 1816);
INSERT INTO `calllog` VALUES (338, 23, 165, 1, 1984);
INSERT INTO `calllog` VALUES (339, 23, 168, 1, 289);
INSERT INTO `calllog` VALUES (340, 23, 173, 1, 22);
INSERT INTO `calllog` VALUES (341, 23, 178, 2, 3588);
INSERT INTO `calllog` VALUES (342, 23, 182, 1, 2649);
INSERT INTO `calllog` VALUES (343, 23, 191, 1, 1512);
INSERT INTO `calllog` VALUES (344, 23, 202, 1, 2203);
INSERT INTO `calllog` VALUES (345, 23, 206, 1, 2632);
INSERT INTO `calllog` VALUES (346, 23, 252, 1, 334);
INSERT INTO `calllog` VALUES (347, 23, 277, 1, 295);
INSERT INTO `calllog` VALUES (348, 23, 281, 1, 2264);
INSERT INTO `calllog` VALUES (349, 23, 333, 1, 1145);
INSERT INTO `calllog` VALUES (350, 24, 17, 2, 2251);
INSERT INTO `calllog` VALUES (351, 24, 80, 1, 2454);
INSERT INTO `calllog` VALUES (352, 24, 94, 1, 2340);
INSERT INTO `calllog` VALUES (353, 24, 114, 1, 1427);
INSERT INTO `calllog` VALUES (354, 24, 185, 1, 828);
INSERT INTO `calllog` VALUES (355, 24, 247, 1, 2188);
INSERT INTO `calllog` VALUES (356, 24, 249, 1, 727);
INSERT INTO `calllog` VALUES (357, 24, 338, 1, 2192);

-- ----------------------------
-- Table structure for ct_date
-- ----------------------------
DROP TABLE IF EXISTS `ct_date`;
CREATE TABLE `ct_date`  (
  `id` int(11) NOT NULL AUTO_INCREMENT,
  `year` varchar(255) CHARACTER SET utf8 COLLATE utf8_general_ci NULL DEFAULT NULL,
  `month` varchar(255) CHARACTER SET utf8 COLLATE utf8_general_ci NULL DEFAULT NULL,
  `day` varchar(255) CHARACTER SET utf8 COLLATE utf8_general_ci NULL DEFAULT NULL,
  PRIMARY KEY (`id`) USING BTREE
) ENGINE = InnoDB AUTO_INCREMENT = 379 CHARACTER SET = utf8 COLLATE = utf8_general_ci ROW_FORMAT = Dynamic;

-- ----------------------------
-- Records of ct_date
-- ----------------------------
INSERT INTO `ct_date` VALUES (1, '2022', '-1', '-1');
INSERT INTO `ct_date` VALUES (2, '2022', '1', '-1');
INSERT INTO `ct_date` VALUES (3, '2022', '1', '1');
INSERT INTO `ct_date` VALUES (4, '2022', '1', '2');
INSERT INTO `ct_date` VALUES (5, '2022', '1', '3');
INSERT INTO `ct_date` VALUES (6, '2022', '1', '4');
INSERT INTO `ct_date` VALUES (7, '2022', '1', '5');
INSERT INTO `ct_date` VALUES (8, '2022', '1', '6');
INSERT INTO `ct_date` VALUES (9, '2022', '1', '7');
INSERT INTO `ct_date` VALUES (10, '2022', '1', '8');
INSERT INTO `ct_date` VALUES (11, '2022', '1', '9');
INSERT INTO `ct_date` VALUES (12, '2022', '1', '10');
INSERT INTO `ct_date` VALUES (13, '2022', '1', '11');
INSERT INTO `ct_date` VALUES (14, '2022', '1', '12');
INSERT INTO `ct_date` VALUES (15, '2022', '1', '13');
INSERT INTO `ct_date` VALUES (16, '2022', '1', '14');
INSERT INTO `ct_date` VALUES (17, '2022', '1', '15');
INSERT INTO `ct_date` VALUES (18, '2022', '1', '16');
INSERT INTO `ct_date` VALUES (19, '2022', '1', '17');
INSERT INTO `ct_date` VALUES (20, '2022', '1', '18');
INSERT INTO `ct_date` VALUES (21, '2022', '1', '19');
INSERT INTO `ct_date` VALUES (22, '2022', '1', '20');
INSERT INTO `ct_date` VALUES (23, '2022', '1', '21');
INSERT INTO `ct_date` VALUES (24, '2022', '1', '22');
INSERT INTO `ct_date` VALUES (25, '2022', '1', '23');
INSERT INTO `ct_date` VALUES (26, '2022', '1', '24');
INSERT INTO `ct_date` VALUES (27, '2022', '1', '25');
INSERT INTO `ct_date` VALUES (28, '2022', '1', '26');
INSERT INTO `ct_date` VALUES (29, '2022', '1', '27');
INSERT INTO `ct_date` VALUES (30, '2022', '1', '28');
INSERT INTO `ct_date` VALUES (31, '2022', '1', '29');
INSERT INTO `ct_date` VALUES (32, '2022', '1', '30');
INSERT INTO `ct_date` VALUES (33, '2022', '1', '31');
INSERT INTO `ct_date` VALUES (34, '2022', '2', '-1');
INSERT INTO `ct_date` VALUES (35, '2022', '2', '1');
INSERT INTO `ct_date` VALUES (36, '2022', '2', '2');
INSERT INTO `ct_date` VALUES (37, '2022', '2', '3');
INSERT INTO `ct_date` VALUES (38, '2022', '2', '4');
INSERT INTO `ct_date` VALUES (39, '2022', '2', '5');
INSERT INTO `ct_date` VALUES (40, '2022', '2', '6');
INSERT INTO `ct_date` VALUES (41, '2022', '2', '7');
INSERT INTO `ct_date` VALUES (42, '2022', '2', '8');
INSERT INTO `ct_date` VALUES (43, '2022', '2', '9');
INSERT INTO `ct_date` VALUES (44, '2022', '2', '10');
INSERT INTO `ct_date` VALUES (45, '2022', '2', '11');
INSERT INTO `ct_date` VALUES (46, '2022', '2', '12');
INSERT INTO `ct_date` VALUES (47, '2022', '2', '13');
INSERT INTO `ct_date` VALUES (48, '2022', '2', '14');
INSERT INTO `ct_date` VALUES (49, '2022', '2', '15');
INSERT INTO `ct_date` VALUES (50, '2022', '2', '16');
INSERT INTO `ct_date` VALUES (51, '2022', '2', '17');
INSERT INTO `ct_date` VALUES (52, '2022', '2', '18');
INSERT INTO `ct_date` VALUES (53, '2022', '2', '19');
INSERT INTO `ct_date` VALUES (54, '2022', '2', '20');
INSERT INTO `ct_date` VALUES (55, '2022', '2', '21');
INSERT INTO `ct_date` VALUES (56, '2022', '2', '22');
INSERT INTO `ct_date` VALUES (57, '2022', '2', '23');
INSERT INTO `ct_date` VALUES (58, '2022', '2', '24');
INSERT INTO `ct_date` VALUES (59, '2022', '2', '25');
INSERT INTO `ct_date` VALUES (60, '2022', '2', '26');
INSERT INTO `ct_date` VALUES (61, '2022', '2', '27');
INSERT INTO `ct_date` VALUES (62, '2022', '2', '28');
INSERT INTO `ct_date` VALUES (63, '2022', '3', '-1');
INSERT INTO `ct_date` VALUES (64, '2022', '3', '1');
INSERT INTO `ct_date` VALUES (65, '2022', '3', '2');
INSERT INTO `ct_date` VALUES (66, '2022', '3', '3');
INSERT INTO `ct_date` VALUES (67, '2022', '3', '4');
INSERT INTO `ct_date` VALUES (68, '2022', '3', '5');
INSERT INTO `ct_date` VALUES (69, '2022', '3', '6');
INSERT INTO `ct_date` VALUES (70, '2022', '3', '7');
INSERT INTO `ct_date` VALUES (71, '2022', '3', '8');
INSERT INTO `ct_date` VALUES (72, '2022', '3', '9');
INSERT INTO `ct_date` VALUES (73, '2022', '3', '10');
INSERT INTO `ct_date` VALUES (74, '2022', '3', '11');
INSERT INTO `ct_date` VALUES (75, '2022', '3', '12');
INSERT INTO `ct_date` VALUES (76, '2022', '3', '13');
INSERT INTO `ct_date` VALUES (77, '2022', '3', '14');
INSERT INTO `ct_date` VALUES (78, '2022', '3', '15');
INSERT INTO `ct_date` VALUES (79, '2022', '3', '16');
INSERT INTO `ct_date` VALUES (80, '2022', '3', '17');
INSERT INTO `ct_date` VALUES (81, '2022', '3', '18');
INSERT INTO `ct_date` VALUES (82, '2022', '3', '19');
INSERT INTO `ct_date` VALUES (83, '2022', '3', '20');
INSERT INTO `ct_date` VALUES (84, '2022', '3', '21');
INSERT INTO `ct_date` VALUES (85, '2022', '3', '22');
INSERT INTO `ct_date` VALUES (86, '2022', '3', '23');
INSERT INTO `ct_date` VALUES (87, '2022', '3', '24');
INSERT INTO `ct_date` VALUES (88, '2022', '3', '25');
INSERT INTO `ct_date` VALUES (89, '2022', '3', '26');
INSERT INTO `ct_date` VALUES (90, '2022', '3', '27');
INSERT INTO `ct_date` VALUES (91, '2022', '3', '28');
INSERT INTO `ct_date` VALUES (92, '2022', '3', '29');
INSERT INTO `ct_date` VALUES (93, '2022', '3', '30');
INSERT INTO `ct_date` VALUES (94, '2022', '3', '31');
INSERT INTO `ct_date` VALUES (95, '2022', '4', '-1');
INSERT INTO `ct_date` VALUES (96, '2022', '4', '1');
INSERT INTO `ct_date` VALUES (97, '2022', '4', '2');
INSERT INTO `ct_date` VALUES (98, '2022', '4', '3');
INSERT INTO `ct_date` VALUES (99, '2022', '4', '4');
INSERT INTO `ct_date` VALUES (100, '2022', '4', '5');
INSERT INTO `ct_date` VALUES (101, '2022', '4', '6');
INSERT INTO `ct_date` VALUES (102, '2022', '4', '7');
INSERT INTO `ct_date` VALUES (103, '2022', '4', '8');
INSERT INTO `ct_date` VALUES (104, '2022', '4', '9');
INSERT INTO `ct_date` VALUES (105, '2022', '4', '10');
INSERT INTO `ct_date` VALUES (106, '2022', '4', '11');
INSERT INTO `ct_date` VALUES (107, '2022', '4', '12');
INSERT INTO `ct_date` VALUES (108, '2022', '4', '13');
INSERT INTO `ct_date` VALUES (109, '2022', '4', '14');
INSERT INTO `ct_date` VALUES (110, '2022', '4', '15');
INSERT INTO `ct_date` VALUES (111, '2022', '4', '16');
INSERT INTO `ct_date` VALUES (112, '2022', '4', '17');
INSERT INTO `ct_date` VALUES (113, '2022', '4', '18');
INSERT INTO `ct_date` VALUES (114, '2022', '4', '19');
INSERT INTO `ct_date` VALUES (115, '2022', '4', '20');
INSERT INTO `ct_date` VALUES (116, '2022', '4', '21');
INSERT INTO `ct_date` VALUES (117, '2022', '4', '22');
INSERT INTO `ct_date` VALUES (118, '2022', '4', '23');
INSERT INTO `ct_date` VALUES (119, '2022', '4', '24');
INSERT INTO `ct_date` VALUES (120, '2022', '4', '25');
INSERT INTO `ct_date` VALUES (121, '2022', '4', '26');
INSERT INTO `ct_date` VALUES (122, '2022', '4', '27');
INSERT INTO `ct_date` VALUES (123, '2022', '4', '28');
INSERT INTO `ct_date` VALUES (124, '2022', '4', '29');
INSERT INTO `ct_date` VALUES (125, '2022', '4', '30');
INSERT INTO `ct_date` VALUES (126, '2022', '5', '-1');
INSERT INTO `ct_date` VALUES (127, '2022', '5', '1');
INSERT INTO `ct_date` VALUES (128, '2022', '5', '2');
INSERT INTO `ct_date` VALUES (129, '2022', '5', '3');
INSERT INTO `ct_date` VALUES (130, '2022', '5', '4');
INSERT INTO `ct_date` VALUES (131, '2022', '5', '5');
INSERT INTO `ct_date` VALUES (132, '2022', '5', '6');
INSERT INTO `ct_date` VALUES (133, '2022', '5', '7');
INSERT INTO `ct_date` VALUES (134, '2022', '5', '8');
INSERT INTO `ct_date` VALUES (135, '2022', '5', '9');
INSERT INTO `ct_date` VALUES (136, '2022', '5', '10');
INSERT INTO `ct_date` VALUES (137, '2022', '5', '11');
INSERT INTO `ct_date` VALUES (138, '2022', '5', '12');
INSERT INTO `ct_date` VALUES (139, '2022', '5', '13');
INSERT INTO `ct_date` VALUES (140, '2022', '5', '14');
INSERT INTO `ct_date` VALUES (141, '2022', '5', '15');
INSERT INTO `ct_date` VALUES (142, '2022', '5', '16');
INSERT INTO `ct_date` VALUES (143, '2022', '5', '17');
INSERT INTO `ct_date` VALUES (144, '2022', '5', '18');
INSERT INTO `ct_date` VALUES (145, '2022', '5', '19');
INSERT INTO `ct_date` VALUES (146, '2022', '5', '20');
INSERT INTO `ct_date` VALUES (147, '2022', '5', '21');
INSERT INTO `ct_date` VALUES (148, '2022', '5', '22');
INSERT INTO `ct_date` VALUES (149, '2022', '5', '23');
INSERT INTO `ct_date` VALUES (150, '2022', '5', '24');
INSERT INTO `ct_date` VALUES (151, '2022', '5', '25');
INSERT INTO `ct_date` VALUES (152, '2022', '5', '26');
INSERT INTO `ct_date` VALUES (153, '2022', '5', '27');
INSERT INTO `ct_date` VALUES (154, '2022', '5', '28');
INSERT INTO `ct_date` VALUES (155, '2022', '5', '29');
INSERT INTO `ct_date` VALUES (156, '2022', '5', '30');
INSERT INTO `ct_date` VALUES (157, '2022', '5', '31');
INSERT INTO `ct_date` VALUES (158, '2022', '6', '-1');
INSERT INTO `ct_date` VALUES (159, '2022', '6', '1');
INSERT INTO `ct_date` VALUES (160, '2022', '6', '2');
INSERT INTO `ct_date` VALUES (161, '2022', '6', '3');
INSERT INTO `ct_date` VALUES (162, '2022', '6', '4');
INSERT INTO `ct_date` VALUES (163, '2022', '6', '5');
INSERT INTO `ct_date` VALUES (164, '2022', '6', '6');
INSERT INTO `ct_date` VALUES (165, '2022', '6', '7');
INSERT INTO `ct_date` VALUES (166, '2022', '6', '8');
INSERT INTO `ct_date` VALUES (167, '2022', '6', '9');
INSERT INTO `ct_date` VALUES (168, '2022', '6', '10');
INSERT INTO `ct_date` VALUES (169, '2022', '6', '11');
INSERT INTO `ct_date` VALUES (170, '2022', '6', '12');
INSERT INTO `ct_date` VALUES (171, '2022', '6', '13');
INSERT INTO `ct_date` VALUES (172, '2022', '6', '14');
INSERT INTO `ct_date` VALUES (173, '2022', '6', '15');
INSERT INTO `ct_date` VALUES (174, '2022', '6', '16');
INSERT INTO `ct_date` VALUES (175, '2022', '6', '17');
INSERT INTO `ct_date` VALUES (176, '2022', '6', '18');
INSERT INTO `ct_date` VALUES (177, '2022', '6', '19');
INSERT INTO `ct_date` VALUES (178, '2022', '6', '20');
INSERT INTO `ct_date` VALUES (179, '2022', '6', '21');
INSERT INTO `ct_date` VALUES (180, '2022', '6', '22');
INSERT INTO `ct_date` VALUES (181, '2022', '6', '23');
INSERT INTO `ct_date` VALUES (182, '2022', '6', '24');
INSERT INTO `ct_date` VALUES (183, '2022', '6', '25');
INSERT INTO `ct_date` VALUES (184, '2022', '6', '26');
INSERT INTO `ct_date` VALUES (185, '2022', '6', '27');
INSERT INTO `ct_date` VALUES (186, '2022', '6', '28');
INSERT INTO `ct_date` VALUES (187, '2022', '6', '29');
INSERT INTO `ct_date` VALUES (188, '2022', '6', '30');
INSERT INTO `ct_date` VALUES (189, '2022', '7', '-1');
INSERT INTO `ct_date` VALUES (190, '2022', '7', '1');
INSERT INTO `ct_date` VALUES (191, '2022', '7', '2');
INSERT INTO `ct_date` VALUES (192, '2022', '7', '3');
INSERT INTO `ct_date` VALUES (193, '2022', '7', '4');
INSERT INTO `ct_date` VALUES (194, '2022', '7', '5');
INSERT INTO `ct_date` VALUES (195, '2022', '7', '6');
INSERT INTO `ct_date` VALUES (196, '2022', '7', '7');
INSERT INTO `ct_date` VALUES (197, '2022', '7', '8');
INSERT INTO `ct_date` VALUES (198, '2022', '7', '9');
INSERT INTO `ct_date` VALUES (199, '2022', '7', '10');
INSERT INTO `ct_date` VALUES (200, '2022', '7', '11');
INSERT INTO `ct_date` VALUES (201, '2022', '7', '12');
INSERT INTO `ct_date` VALUES (202, '2022', '7', '13');
INSERT INTO `ct_date` VALUES (203, '2022', '7', '14');
INSERT INTO `ct_date` VALUES (204, '2022', '7', '15');
INSERT INTO `ct_date` VALUES (205, '2022', '7', '16');
INSERT INTO `ct_date` VALUES (206, '2022', '7', '17');
INSERT INTO `ct_date` VALUES (207, '2022', '7', '18');
INSERT INTO `ct_date` VALUES (208, '2022', '7', '19');
INSERT INTO `ct_date` VALUES (209, '2022', '7', '20');
INSERT INTO `ct_date` VALUES (210, '2022', '7', '21');
INSERT INTO `ct_date` VALUES (211, '2022', '7', '22');
INSERT INTO `ct_date` VALUES (212, '2022', '7', '23');
INSERT INTO `ct_date` VALUES (213, '2022', '7', '24');
INSERT INTO `ct_date` VALUES (214, '2022', '7', '25');
INSERT INTO `ct_date` VALUES (215, '2022', '7', '26');
INSERT INTO `ct_date` VALUES (216, '2022', '7', '27');
INSERT INTO `ct_date` VALUES (217, '2022', '7', '28');
INSERT INTO `ct_date` VALUES (218, '2022', '7', '29');
INSERT INTO `ct_date` VALUES (219, '2022', '7', '30');
INSERT INTO `ct_date` VALUES (220, '2022', '7', '31');
INSERT INTO `ct_date` VALUES (221, '2022', '8', '-1');
INSERT INTO `ct_date` VALUES (222, '2022', '8', '1');
INSERT INTO `ct_date` VALUES (223, '2022', '8', '2');
INSERT INTO `ct_date` VALUES (224, '2022', '8', '3');
INSERT INTO `ct_date` VALUES (225, '2022', '8', '4');
INSERT INTO `ct_date` VALUES (226, '2022', '8', '5');
INSERT INTO `ct_date` VALUES (227, '2022', '8', '6');
INSERT INTO `ct_date` VALUES (228, '2022', '8', '7');
INSERT INTO `ct_date` VALUES (229, '2022', '8', '8');
INSERT INTO `ct_date` VALUES (230, '2022', '8', '9');
INSERT INTO `ct_date` VALUES (231, '2022', '8', '10');
INSERT INTO `ct_date` VALUES (232, '2022', '8', '11');
INSERT INTO `ct_date` VALUES (233, '2022', '8', '12');
INSERT INTO `ct_date` VALUES (234, '2022', '8', '13');
INSERT INTO `ct_date` VALUES (235, '2022', '8', '14');
INSERT INTO `ct_date` VALUES (236, '2022', '8', '15');
INSERT INTO `ct_date` VALUES (237, '2022', '8', '16');
INSERT INTO `ct_date` VALUES (238, '2022', '8', '17');
INSERT INTO `ct_date` VALUES (239, '2022', '8', '18');
INSERT INTO `ct_date` VALUES (240, '2022', '8', '19');
INSERT INTO `ct_date` VALUES (241, '2022', '8', '20');
INSERT INTO `ct_date` VALUES (242, '2022', '8', '21');
INSERT INTO `ct_date` VALUES (243, '2022', '8', '22');
INSERT INTO `ct_date` VALUES (244, '2022', '8', '23');
INSERT INTO `ct_date` VALUES (245, '2022', '8', '24');
INSERT INTO `ct_date` VALUES (246, '2022', '8', '25');
INSERT INTO `ct_date` VALUES (247, '2022', '8', '26');
INSERT INTO `ct_date` VALUES (248, '2022', '8', '27');
INSERT INTO `ct_date` VALUES (249, '2022', '8', '28');
INSERT INTO `ct_date` VALUES (250, '2022', '8', '29');
INSERT INTO `ct_date` VALUES (251, '2022', '8', '30');
INSERT INTO `ct_date` VALUES (252, '2022', '8', '31');
INSERT INTO `ct_date` VALUES (253, '2022', '9', '-1');
INSERT INTO `ct_date` VALUES (254, '2022', '9', '1');
INSERT INTO `ct_date` VALUES (255, '2022', '9', '2');
INSERT INTO `ct_date` VALUES (256, '2022', '9', '3');
INSERT INTO `ct_date` VALUES (257, '2022', '9', '4');
INSERT INTO `ct_date` VALUES (258, '2022', '9', '5');
INSERT INTO `ct_date` VALUES (259, '2022', '9', '6');
INSERT INTO `ct_date` VALUES (260, '2022', '9', '7');
INSERT INTO `ct_date` VALUES (261, '2022', '9', '8');
INSERT INTO `ct_date` VALUES (262, '2022', '9', '9');
INSERT INTO `ct_date` VALUES (263, '2022', '9', '10');
INSERT INTO `ct_date` VALUES (264, '2022', '9', '11');
INSERT INTO `ct_date` VALUES (265, '2022', '9', '12');
INSERT INTO `ct_date` VALUES (266, '2022', '9', '13');
INSERT INTO `ct_date` VALUES (267, '2022', '9', '14');
INSERT INTO `ct_date` VALUES (268, '2022', '9', '15');
INSERT INTO `ct_date` VALUES (269, '2022', '9', '16');
INSERT INTO `ct_date` VALUES (270, '2022', '9', '17');
INSERT INTO `ct_date` VALUES (271, '2022', '9', '18');
INSERT INTO `ct_date` VALUES (272, '2022', '9', '19');
INSERT INTO `ct_date` VALUES (273, '2022', '9', '20');
INSERT INTO `ct_date` VALUES (274, '2022', '9', '21');
INSERT INTO `ct_date` VALUES (275, '2022', '9', '22');
INSERT INTO `ct_date` VALUES (276, '2022', '9', '23');
INSERT INTO `ct_date` VALUES (277, '2022', '9', '24');
INSERT INTO `ct_date` VALUES (278, '2022', '9', '25');
INSERT INTO `ct_date` VALUES (279, '2022', '9', '26');
INSERT INTO `ct_date` VALUES (280, '2022', '9', '27');
INSERT INTO `ct_date` VALUES (281, '2022', '9', '28');
INSERT INTO `ct_date` VALUES (282, '2022', '9', '29');
INSERT INTO `ct_date` VALUES (283, '2022', '9', '30');
INSERT INTO `ct_date` VALUES (284, '2022', '10', '-1');
INSERT INTO `ct_date` VALUES (285, '2022', '10', '1');
INSERT INTO `ct_date` VALUES (286, '2022', '10', '2');
INSERT INTO `ct_date` VALUES (287, '2022', '10', '3');
INSERT INTO `ct_date` VALUES (288, '2022', '10', '4');
INSERT INTO `ct_date` VALUES (289, '2022', '10', '5');
INSERT INTO `ct_date` VALUES (290, '2022', '10', '6');
INSERT INTO `ct_date` VALUES (291, '2022', '10', '7');
INSERT INTO `ct_date` VALUES (292, '2022', '10', '8');
INSERT INTO `ct_date` VALUES (293, '2022', '10', '9');
INSERT INTO `ct_date` VALUES (294, '2022', '10', '10');
INSERT INTO `ct_date` VALUES (295, '2022', '10', '11');
INSERT INTO `ct_date` VALUES (296, '2022', '10', '12');
INSERT INTO `ct_date` VALUES (297, '2022', '10', '13');
INSERT INTO `ct_date` VALUES (298, '2022', '10', '14');
INSERT INTO `ct_date` VALUES (299, '2022', '10', '15');
INSERT INTO `ct_date` VALUES (300, '2022', '10', '16');
INSERT INTO `ct_date` VALUES (301, '2022', '10', '17');
INSERT INTO `ct_date` VALUES (302, '2022', '10', '18');
INSERT INTO `ct_date` VALUES (303, '2022', '10', '19');
INSERT INTO `ct_date` VALUES (304, '2022', '10', '20');
INSERT INTO `ct_date` VALUES (305, '2022', '10', '21');
INSERT INTO `ct_date` VALUES (306, '2022', '10', '22');
INSERT INTO `ct_date` VALUES (307, '2022', '10', '23');
INSERT INTO `ct_date` VALUES (308, '2022', '10', '24');
INSERT INTO `ct_date` VALUES (309, '2022', '10', '25');
INSERT INTO `ct_date` VALUES (310, '2022', '10', '26');
INSERT INTO `ct_date` VALUES (311, '2022', '10', '27');
INSERT INTO `ct_date` VALUES (312, '2022', '10', '28');
INSERT INTO `ct_date` VALUES (313, '2022', '10', '29');
INSERT INTO `ct_date` VALUES (314, '2022', '10', '30');
INSERT INTO `ct_date` VALUES (315, '2022', '10', '31');
INSERT INTO `ct_date` VALUES (316, '2022', '11', '-1');
INSERT INTO `ct_date` VALUES (317, '2022', '11', '1');
INSERT INTO `ct_date` VALUES (318, '2022', '11', '2');
INSERT INTO `ct_date` VALUES (319, '2022', '11', '3');
INSERT INTO `ct_date` VALUES (320, '2022', '11', '4');
INSERT INTO `ct_date` VALUES (321, '2022', '11', '5');
INSERT INTO `ct_date` VALUES (322, '2022', '11', '6');
INSERT INTO `ct_date` VALUES (323, '2022', '11', '7');
INSERT INTO `ct_date` VALUES (324, '2022', '11', '8');
INSERT INTO `ct_date` VALUES (325, '2022', '11', '9');
INSERT INTO `ct_date` VALUES (326, '2022', '11', '10');
INSERT INTO `ct_date` VALUES (327, '2022', '11', '11');
INSERT INTO `ct_date` VALUES (328, '2022', '11', '12');
INSERT INTO `ct_date` VALUES (329, '2022', '11', '13');
INSERT INTO `ct_date` VALUES (330, '2022', '11', '14');
INSERT INTO `ct_date` VALUES (331, '2022', '11', '15');
INSERT INTO `ct_date` VALUES (332, '2022', '11', '16');
INSERT INTO `ct_date` VALUES (333, '2022', '11', '17');
INSERT INTO `ct_date` VALUES (334, '2022', '11', '18');
INSERT INTO `ct_date` VALUES (335, '2022', '11', '19');
INSERT INTO `ct_date` VALUES (336, '2022', '11', '20');
INSERT INTO `ct_date` VALUES (337, '2022', '11', '21');
INSERT INTO `ct_date` VALUES (338, '2022', '11', '22');
INSERT INTO `ct_date` VALUES (339, '2022', '11', '23');
INSERT INTO `ct_date` VALUES (340, '2022', '11', '24');
INSERT INTO `ct_date` VALUES (341, '2022', '11', '25');
INSERT INTO `ct_date` VALUES (342, '2022', '11', '26');
INSERT INTO `ct_date` VALUES (343, '2022', '11', '27');
INSERT INTO `ct_date` VALUES (344, '2022', '11', '28');
INSERT INTO `ct_date` VALUES (345, '2022', '11', '29');
INSERT INTO `ct_date` VALUES (346, '2022', '11', '30');
INSERT INTO `ct_date` VALUES (347, '2022', '12', '-1');
INSERT INTO `ct_date` VALUES (348, '2022', '12', '1');
INSERT INTO `ct_date` VALUES (349, '2022', '12', '2');
INSERT INTO `ct_date` VALUES (350, '2022', '12', '3');
INSERT INTO `ct_date` VALUES (351, '2022', '12', '4');
INSERT INTO `ct_date` VALUES (352, '2022', '12', '5');
INSERT INTO `ct_date` VALUES (353, '2022', '12', '6');
INSERT INTO `ct_date` VALUES (354, '2022', '12', '7');
INSERT INTO `ct_date` VALUES (355, '2022', '12', '8');
INSERT INTO `ct_date` VALUES (356, '2022', '12', '9');
INSERT INTO `ct_date` VALUES (357, '2022', '12', '10');
INSERT INTO `ct_date` VALUES (358, '2022', '12', '11');
INSERT INTO `ct_date` VALUES (359, '2022', '12', '12');
INSERT INTO `ct_date` VALUES (360, '2022', '12', '13');
INSERT INTO `ct_date` VALUES (361, '2022', '12', '14');
INSERT INTO `ct_date` VALUES (362, '2022', '12', '15');
INSERT INTO `ct_date` VALUES (363, '2022', '12', '16');
INSERT INTO `ct_date` VALUES (364, '2022', '12', '17');
INSERT INTO `ct_date` VALUES (365, '2022', '12', '18');
INSERT INTO `ct_date` VALUES (366, '2022', '12', '19');
INSERT INTO `ct_date` VALUES (367, '2022', '12', '20');
INSERT INTO `ct_date` VALUES (368, '2022', '12', '21');
INSERT INTO `ct_date` VALUES (369, '2022', '12', '22');
INSERT INTO `ct_date` VALUES (370, '2022', '12', '23');
INSERT INTO `ct_date` VALUES (371, '2022', '12', '24');
INSERT INTO `ct_date` VALUES (372, '2022', '12', '25');
INSERT INTO `ct_date` VALUES (373, '2022', '12', '26');
INSERT INTO `ct_date` VALUES (374, '2022', '12', '27');
INSERT INTO `ct_date` VALUES (375, '2022', '12', '28');
INSERT INTO `ct_date` VALUES (376, '2022', '12', '29');
INSERT INTO `ct_date` VALUES (377, '2022', '12', '30');
INSERT INTO `ct_date` VALUES (378, '2022', '12', '31');

-- ----------------------------
-- Table structure for ct_user
-- ----------------------------
DROP TABLE IF EXISTS `ct_user`;
CREATE TABLE `ct_user`  (
  `id` int(11) NOT NULL AUTO_INCREMENT,
  `tel` varchar(255) CHARACTER SET utf8 COLLATE utf8_general_ci NULL DEFAULT NULL,
  `name` varchar(255) CHARACTER SET utf8 COLLATE utf8_general_ci NULL DEFAULT NULL,
  PRIMARY KEY (`id`) USING BTREE
) ENGINE = InnoDB AUTO_INCREMENT = 26 CHARACTER SET = utf8 COLLATE = utf8_general_ci ROW_FORMAT = Dynamic;

-- ----------------------------
-- Records of ct_user
-- ----------------------------
INSERT INTO `ct_user` VALUES (1, '18698436946', '李雁');
INSERT INTO `ct_user` VALUES (2, '14410679238', '卫艺');
INSERT INTO `ct_user` VALUES (3, '19565082510', '仰莉');
INSERT INTO `ct_user` VALUES (4, '19154926260', '陶欣悦');
INSERT INTO `ct_user` VALUES (5, '14397114174', '施梅梅');
INSERT INTO `ct_user` VALUES (6, '14930423697', '金虹霖');
INSERT INTO `ct_user` VALUES (7, '17336673697', '魏明艳');
INSERT INTO `ct_user` VALUES (8, '16160892861', '华贞');
INSERT INTO `ct_user` VALUES (9, '17405139883', '华啟倩');
INSERT INTO `ct_user` VALUES (10, '15647679901', '仲采绿');
INSERT INTO `ct_user` VALUES (11, '15781588029', '卫丹');
INSERT INTO `ct_user` VALUES (12, '16574556259', '戚丽红');
INSERT INTO `ct_user` VALUES (13, '17885275338', '何翠柔');
INSERT INTO `ct_user` VALUES (14, '16569963779', '钱溶艳');
INSERT INTO `ct_user` VALUES (15, '18101213362', '钱琳');
INSERT INTO `ct_user` VALUES (16, '15884588694', '缪静欣');
INSERT INTO `ct_user` VALUES (17, '15280214634', '焦秋菊');
INSERT INTO `ct_user` VALUES (18, '13319935953', '吕访琴');
INSERT INTO `ct_user` VALUES (19, '19342117869', '沈丹');
INSERT INTO `ct_user` VALUES (20, '18840172592', '褚美丽');
INSERT INTO `ct_user` VALUES (21, '14171709460', '孙怡');
INSERT INTO `ct_user` VALUES (22, '15244749863', '许婵');
INSERT INTO `ct_user` VALUES (23, '19602240179', '曹红恋');
INSERT INTO `ct_user` VALUES (24, '19683537146', '吕柔');
INSERT INTO `ct_user` VALUES (25, '15305526350', '冯怜云');

-- ----------------------------
-- Table structure for user
-- ----------------------------
DROP TABLE IF EXISTS `user`;
CREATE TABLE `user`  (
  `userId` int(255) NOT NULL AUTO_INCREMENT,
  `username` varchar(255) CHARACTER SET utf8mb4 COLLATE utf8mb4_general_ci NULL DEFAULT NULL,
  `password` varchar(255) CHARACTER SET utf8mb4 COLLATE utf8mb4_general_ci NULL DEFAULT NULL,
  `email` varchar(255) CHARACTER SET utf8mb4 COLLATE utf8mb4_general_ci NULL DEFAULT NULL,
  PRIMARY KEY (`userId`) USING BTREE
) ENGINE = InnoDB AUTO_INCREMENT = 2 CHARACTER SET = utf8mb4 COLLATE = utf8mb4_general_ci ROW_FORMAT = DYNAMIC;

-- ----------------------------
-- Records of user
-- ----------------------------
INSERT INTO `user` VALUES (1, 'fengyue', '123456', '2030829052@qq.com');

SET FOREIGN_KEY_CHECKS = 1;
